Campaign Name,Ad Group Name,Ad Name,Date,Goal,Total Results,Cost per Result,Impressions,eCPM,Clicks,CPC (USD),CTR,Amount Spent (USD),Currency
Traffic Campaign 2026-03-26 12:48:16 EDT,Traffic Ad Group 2026-03-26 12:48:16 EDT,Reddit Video Ad - First Attempt,2026-03-26,-,0,0.0,20319,4.05,94,0.88,0.004626211919877947,82.292985
Traffic Campaign 2026-03-26 12:48:16 EDT,Traffic Ad Group 2026-03-26 12:48:16 EDT,Reddit Video Ad - First Attempt,2026-03-27,-,0,0.0,37315,3.24,135,0.9,0.003617848050381884,120.901563
Traffic Campaign 2026-03-26 12:48:16 EDT,Traffic Ad Group 2026-03-26 12:48:16 EDT,Reddit Video Ad - First Attempt,2026-03-28,-,0,0.0,16866,3.68,79,0.79,0.004683979603936915,62.053912
Traffic Campaign 2026-03-26 12:48:16 EDT,Traffic Ad Group 2026-03-26 12:48:16 EDT,Reddit Video Ad - First Attempt,2026-03-30,-,0,0.0,7920,8.18,43,1.51,0.0054292929292929296,64.82037
Traffic Campaign 2026-03-26 12:48:16 EDT,Traffic Ad Group 2026-03-26 12:48:16 EDT,Reddit Video Ad - First Attempt,2026-04-01,-,0,0.0,2149,5.55,10,1.19,0.004653327128897162,11.928268
Traffic Campaign 2026-03-26 12:48:16 EDT,Traffic Ad Group 2026-03-26 12:48:16 EDT,Reddit Video Ad - First Attempt,2026-04-02,-,0,0.0,0,0.0,0,0.0,0.0,0.0
Traffic Campaign 2026-03-26 12:48:16 EDT,Traffic Ad Group 2026-03-26 12:48:16 EDT,Turn Progress Pics Into Data,2026-03-26,-,0,0.0,104,0.0,0,0.0,0.0,0.0
Traffic Campaign 2026-03-26 12:48:16 EDT,Traffic Ad Group 2026-03-26 12:48:16 EDT,Turn Progress Pics Into Data,2026-03-27,-,0,0.0,5055,4.49,18,1.26,0.0035608308605341245,22.676002
Traffic Campaign 2026-03-26 12:48:16 EDT,Traffic Ad Group 2026-03-26 12:48:16 EDT,Turn Progress Pics Into Data,2026-03-28,-,0,0.0,4460,1.61,9,0.8,0.002017937219730942,7.2019
Traffic Campaign 2026-03-26 12:48:16 EDT,Traffic Ad Group 2026-03-26 12:48:16 EDT,Reddit Video Ad - new title,2026-03-27,-,0,0.0,22726,4.03,91,1.01,0.0040042242365572476,91.532859
Traffic Campaign 2026-03-26 12:48:16 EDT,Traffic Ad Group 2026-03-26 12:48:16 EDT,Reddit Video Ad - new title,2026-03-28,-,0,0.0,17086,3.52,75,0.8,0.004389558703031722,60.149879
Traffic Campaign 2026-03-26 12:48:16 EDT,Traffic Ad Group 2026-03-26 12:48:16 EDT,Reddit Video Ad - new title,2026-03-30,-,0,0.0,4277,6.16,20,1.32,0.004676174888940846,26.362954
Traffic Campaign 2026-03-26 12:48:16 EDT,Traffic Ad Group 2026-03-26 12:48:16 EDT,Reaction TikTok,2026-03-30,-,0,0.0,5385,3.45,27,0.69,0.005013927576601671,18.557362
Traffic Campaign 2026-03-26 12:48:16 EDT,Traffic Ad Group 2026-03-26 12:48:16 EDT,Reaction TikTok,2026-03-31,-,0,0.0,1284,3.39,9,0.48,0.007009345794392523,4.350038
Traffic Campaign 2026-03-26 12:48:16 EDT,Traffic Ad Group 2026-03-26 12:48:16 EDT,Reaction TikTok,2026-04-01,-,0,0.0,6452,7.23,45,1.04,0.006974581525108494,46.676193
Traffic Campaign 2026-03-26 12:48:16 EDT,Traffic Ad Group 2026-03-26 12:48:16 EDT,Wall text - walking,2026-03-30,-,0,0.0,9932,13.49,210,0.64,0.021143777688280307,133.973608
Traffic Campaign 2026-03-26 12:48:16 EDT,Traffic Ad Group 2026-03-26 12:48:16 EDT,Wall text - walking,2026-03-31,-,0,0.0,10673,6.65,262,0.27,0.02454792466972735,70.964354
Traffic Campaign 2026-03-26 12:48:16 EDT,Traffic Ad Group 2026-03-26 12:48:16 EDT,Wall text - walking,2026-04-01,-,0,0.0,12801,8.26,254,0.42,0.019842199828138427,105.681775
Traffic Campaign 2026-03-26 12:48:16 EDT,Traffic Ad Group 2026-03-26 12:48:16 EDT,Reddit Video Ad - Title Cards - The scale missed my progress. This didn’t,2026-04-01,-,0,0.0,10602,7.58,94,0.86,0.008866251650631957,80.374031
Traffic Campaign 2026-03-26 12:48:16 EDT,Traffic Ad Group 2026-03-26 12:48:16 EDT,Reddit Video Ad - Title Cards - The scale missed my progress. This didn’t,2026-04-02,-,0,0.0,2,0.0,0,0.0,0.0,0.0
Install Campaign,Ad group 1,Wall text - scale kept lying,2026-04-01,MOBILE_CONVERSION_INSTALL,0,0.0,7592,16.98,175,0.74,0.023050579557428872,128.917147
Install Campaign,Ad group 1,video ad,2026-04-01,MOBILE_CONVERSION_INSTALL,0,0.0,4532,18.87,27,3.17,0.005957634598411298,85.518965
Install Campaign,Ad group 1,app store video,2026-04-01,MOBILE_CONVERSION_INSTALL,0,0.0,4238,16.51,24,2.92,0.005663048607833884,69.979064
